First_Name,Last_Name,Email_Address,Transaction_type,Transaction_ID,Refund_ID,Charge_Amount
cxc,xcxc,raza@objects.ws,simple,ch_3K9rHgLF2qiUJ8An0MdVXXLa,,"
											300 USD									"
dsadasd,asdas,raza@objects.ws,simple,ch_3K9VeRFayBDgO4eo1qWmJQOt,,"
											200 USD									"
sadfds,fsdfsdf,raza@objects.ws,simple,ch_3K9TXgFayBDgO4eo0UH4a2AO,,"
											200 USD									"
frazx,dfdfdf,raza@objects.ws,simple,ch_3K55ptFayBDgO4eo18o6QK9C,,"
											200 JPY									"
dasas,sdfsdf,raza@objects.ws,simple,ch_3K4lBKFayBDgO4eo1qYT8ReW,,"
											200 USD									"
dasdas,dasdasd,raza@objects.ws,simple,ch_3K4l9WFayBDgO4eo0aMcbl3S,,"
											200 USD									"
rasdasd,dasdasd,raza@objects.ws,simple,ch_3K4l7EFayBDgO4eo08oK41A2,,"
											200 USD									"
sasa,dsdsd,raza@objects.ws,simple,ch_3K4l4GFayBDgO4eo0Hap0fHj,,"
											200 USD									"
dsdsd,dsdsd,raza@objects.ws,simple,ch_3K4kySFayBDgO4eo0hh0VGgY,,"200 USD"
sasa,sasa,raza@objects.ws,simple,ch_3K2WpPFayBDgO4eo1OYyPOL8,,"2282.00 USD"
dsad,sfsdf,raza@objects.ws,simple,ch_3K1qGsFayBDgO4eo04eVyhaw,,"
											200 USD									"
sadasd,asdasd,raza@objects.ws,simple,ch_3K1q3JFayBDgO4eo1UaGsh4S,,"
											300 USD									"
dsds,dsdsds,raza@objects.ws,simple,ch_3K1WDbFayBDgO4eo0LcHTI1t,,"
											300 USD									"
xzxc,sdfsfsd,raza@objects.ws,simple,ch_3K1WAGFayBDgO4eo0ZfuSasV,,"
											200 USD									"
dasdfdsfsd,fsdfsdf,raza@objects.ws,simple,ch_3K1W97FayBDgO4eo0NUlVo46,,"
											300 USD									"
dsds,dsdsd,raza@objects.ws,simple,ch_3K1W6mFayBDgO4eo1pyNVa3k,,"
											200 USD									"
fsdfsd,fsdfsdfsdf,raza@objects.ws,simple,ch_3K1W4rFayBDgO4eo1VpTItiX,,"
											200 USD									"
dsds,dsdsd,raza@objects.ws,simple,ch_3K1W2cFayBDgO4eo1IOR5Z0G,,"
											300 USD									"
dfds,fsdfsd,raza@objects.ws,simple,ch_3K1V8QFayBDgO4eo1xWESQdQ,,"
											200 USD									"
dsd,sdsd,raza@objects.ws,simple,ch_3K1UzjFayBDgO4eo0d9djHTy,,"
											300 USD									"
rasds,dsdsd,raza@objects.ws,simple,ch_3K1UxyFayBDgO4eo04R9wk3z,,"
											200 USD									"
dsds,dsdsd,raza@objects.ws,simple,ch_3K1UtuFayBDgO4eo0C5qdPWi,,"
											300 USD									"
razaf,dfdfdf,raza@objects.ws,simple,ch_3K1UF4FayBDgO4eo1jUqK1VH,,"24.00 USD"
fsdsd,fdfdf,raza@objects.ws,simple,ch_3K1UEFFayBDgO4eo0YUSI5rR,,"24.00 USD"
raza,dfdf,raza@objects.ws,simple,ch_3K1UD8FayBDgO4eo1AAuh114,,"24.00 USD"
